{
    "rentals": [
        {
            "name": "Honda Metro Scooter",
            "photo": "images/honda-metro.jpg",
            "maxPersons": 1,
            "resHalf": 20,
            "resFull": 30,
            "walkHalf": 25,
            "walkFull": 35
        },
        {
            "name": "Honda Dio Scooter",
            "photo": "images/Honda_Dio.jpg",
            "maxPersons": 2,
            "resHalf": 30,
            "resFull": 40,
            "walkHalf": 35,
            "walkFull": 45
        },
        {
            "name": "Honda PCX150 Scooter",
            "photo": "images/Honda_PCX125.jpg",
            "maxPersons": 2,
            "resHalf": 40,
            "resFull": 50,
            "walkHalf": 45,
            "walkFull": 55
        },
        {
            "name": "Honda Pioneer ATV",
            "photo": "images/honda_pioneer.jpg",
            "maxPersons": 4,
            "resHalf": 50,
            "resFull": 70,
            "walkHalf": 60,
            "walkFull": 80
        },
        {
            "name": "Jeep Wrangler - 4 door",
            "photo": "images/4-Jeep.jpg",
            "maxPersons": 5,
            "resHalf": 70,
            "resFull": 100,
            "walkHalf": 85,
            "walkFull": 125
        },
        {
            "name": "Jeep Wrangler - 2 door",
            "photo": "images/2-Jeep.jpg",
            "maxPersons": 4,
            "resHalf": 60,
            "resFull": 85,
            "walkHalf": 70,
            "walkFull": 90
        }
    ]
}